Q_Index,R_Index,VGG16_Base,VGG16_Means,VGG16_Sd
Q50017,R277156,0.6816436648368835,0.3623467261046171,0.084236812043805
Q50019,R294758,0.2551427185535431,0.2566821101382375,0.07354278020543514
Q50025,R922600,0.1653018742799759,0.3361246561855078,0.0833582040180028
Q50034,R360860,0.7654162645339966,0.28227383260428907,0.09758599309854452
Q50036,R105649,0.5600916743278503,0.32899498622864487,0.09347674254456366
Q50037,R664133,0.6823240518569946,0.3251808470264077,0.1351927740477064
Q50044,R312083,0.38685691356658936,0.2954252915531397,0.07961439538575263
Q50045,R472551,0.230669304728508,0.2460251185670495,0.08137798600592243
Q50048,R557847,0.5628842711448669,0.2646055218949914,0.07735114587804272
Q50050,R664909,0.5561257004737854,0.17853540958464145,0.08583624125770188
Q50052,R509422,0.5935773253440857,0.3439492679461837,0.10010098594294461
Q50055,R297421,0.27080824971199036,0.2705820842720568,0.08141389888117108
Q50060,R003513,0.7159067392349243,0.3039603398963809,0.11827299094696438
Q50067,R388847,0.594811201095581,0.28132036297768354,0.08751664069644034
Q50071,R152650,0.8964825868606567,0.35119735295325516,0.10673121396217349
Q50073,R736145,0.6270040273666382,0.30067858545482157,0.09935503801532479
Q50084,R389224,0.5354276895523071,0.3666561027392745,0.09884782792354066
Q50085,R451775,0.38038864731788635,0.24681761305779218,0.0804841766859311
Q50088,R245563,0.4147161543369293,0.2938193731196225,0.09481331318583984
Q50095,R029638,0.14732840657234192,0.20284023656323552,0.09167947441045844
Q50109,R807962,0.7577155232429504,0.32774677634239197,0.09394220418664771
Q50121,R302933,0.6988617777824402,0.2228920970261097,0.09686856450244447
Q50122,R326993,0.5339514017105103,0.3726237004324794,0.09734374303005003
Q50131,R532674,0.5781872868537903,0.28455601781606676,0.1054528139276096
Q50137,R346647,0.6955778002738953,0.26633448734134435,0.09037155236184503
Q50138,R264735,0.5162271857261658,0.3249597701653838,0.09259008045162168
Q50149,R387774,0.13327009975910187,0.17894015926495194,0.06679612214747178
Q50150,R133167,0.26109418272972107,0.2638475278764963,0.06958942988699095
Q50154,R602510,0.6043136715888977,0.22624995329976083,0.08309239737986279
Q50160,R453275,0.6545633673667908,0.35953693152964117,0.10075791051039666
Q50164,R259007,0.18835796415805817,0.21624235935509206,0.07184625182523906
Q50173,R254086,0.15368260443210602,0.19372187124937773,0.11396087361864211
Q50176,R284663,0.5910082459449768,0.27921251469105485,0.09005396215197833
Q50179,R587367,0.3960510492324829,0.3217948742136359,0.08379581285939558
Q50186,R038042,0.42754265666007996,0.3442788153886795,0.10592856949835537
Q50187,R663560,0.7368739247322083,0.29466615938395263,0.09534358336689308
Q50193,R140829,0.7635501623153687,0.3568635843321681,0.10274513371198243
Q50199,R882617,0.4382271468639374,0.3568492707759142,0.07745552261183429
Q50200,R330730,0.199802964925766,0.21355697861686349,0.08450718092951878
Q50204,R983449,0.6128432750701904,0.3128203773573041,0.08041001312717866
Q50209,R462428,0.4869886636734009,0.30303001736849544,0.08836689996160138
Q50211,R669569,0.08716146647930145,0.2549642978273332,0.09541198603436873
Q50213,R270952,0.1657789796590805,0.2671158573627472,0.0759672382007739
Q50218,R722552,0.5278963446617126,0.32618235421925784,0.10115191121796707
Q50229,R040485,0.3575965166091919,0.3535239549577236,0.08827553575766103
Q50236,R564942,0.2339673787355423,0.33187503430992366,0.11530043145808777
Q50238,R240676,0.8675594925880432,0.2664818290621042,0.07832337053354596
Q50253,R811203,0.9831973910331726,0.1965024715438485,0.08041209619675405
Q50255,R282057,0.46484771370887756,0.2910022052302957,0.0820828748933806
Q50262,R435917,0.40473103523254395,0.2724853947274387,0.09289518021625523
Q50268,R997315,0.7140201330184937,0.2306418181657791,0.07854768678267723
Q50272,R757280,0.280808687210083,0.19366469975188375,0.06732973435762679
Q50276,R626640,0.4983586072921753,0.2822264751493931,0.09208385212016668
Q50278,R113081,0.21965114772319794,0.20054446263238787,0.07251625981358799
Q50280,R992967,0.7696115970611572,0.24325224305316806,0.08212919342055107
Q50287,R236028,0.32999229431152344,0.23817178934440017,0.08619663430790128
Q50292,R986782,0.2007507085800171,0.23258804874122144,0.06759734377547512
Q50293,R591705,0.25494128465652466,0.2834221856072545,0.07936673012772044
Q50295,R254796,0.3647523522377014,0.2847493074089289,0.08060825774187427
Q50303,R604557,0.7287648916244507,0.26415958938747647,0.08252616482327364
Q50304,R844983,0.8984730839729309,0.34850900661200285,0.12628845052666654
Q50305,R670091,0.44329938292503357,0.25276485704630614,0.08355268353763584
Q50310,R599091,0.503899335861206,0.30041523958742616,0.07805111600414036
Q50317,R745226,0.281690388917923,0.296005796007812,0.0874651569123467
Q50319,R653114,0.483929306268692,0.2648463977575302,0.08271769157686028
Q50321,R339892,0.35271817445755005,0.31020361272990704,0.08758084920235736
Q50323,R548587,0.7390411496162415,0.27333484166115524,0.08711157608847837
Q50326,R462058,0.7086084485054016,0.2765844177082181,0.0843580658672207
Q50327,R646761,0.27105310559272766,0.19506976218894123,0.07408778493333061
Q50328,R653911,0.608285665512085,0.2575153124630451,0.1023027816283814
Q50332,R812340,0.6162418127059937,0.2441259881593287,0.08906903957496538
Q50343,R079876,0.2400876134634018,0.2083180902674794,0.059814863983075776
Q50348,R812220,0.5822380185127258,0.34043219561874866,0.08721245000837256
Q50364,R809198,0.38050851225852966,0.326412214808166,0.10769023393981958
Q50371,R459531,0.20190079510211945,0.2381314548254013,0.08885248279675008
Q50372,R894729,0.1581604778766632,0.21552552179247142,0.07155747208315136
Q50373,R518275,0.5776864290237427,0.2534200359508395,0.07904352041825291
Q50386,R037975,0.6167556643486023,0.3347809899225831,0.10103814745239194
Q50387,R336986,0.36666545271873474,0.3082912750467658,0.10770276296810838
Q50391,R757879,0.2611376941204071,0.2851025271117687,0.11184537803360614
Q50402,R608267,0.8763145804405212,0.3196102597117424,0.09309512392392787
Q50405,R871150,0.44593000411987305,0.27145309426635506,0.09030395589118612
Q50406,R122561,0.3181646764278412,0.31267257044464347,0.07940741159571481
Q50409,R333727,0.4593870937824249,0.3387177959233522,0.0952853264550772
Q50414,R675573,0.6323766708374023,0.348515581138432,0.09784474137119765
Q50415,R585218,0.5636305212974548,0.33452117678523063,0.08852437623713755
Q50416,R455288,0.3592749238014221,0.24043209058791398,0.07572665584576446
Q50424,R429979,0.5948960185050964,0.30621966022998093,0.09536847911026164
Q50429,R319482,0.7890470027923584,0.3142355772033334,0.11221270924140207
Q50430,R781532,0.30241259932518005,0.24022039078921079,0.07707313873368854
Q50434,R988505,0.5868737101554871,0.38935848846286536,0.11381164990434739
Q50438,R346583,0.5019004940986633,0.27220355758070947,0.07333227634109833
Q50442,R656974,0.4699879288673401,0.3110243092775345,0.07236115983943196
Q50449,R511677,0.35237637162208557,0.2612659833356738,0.06288385899074966
Q50454,R349525,0.4829608201980591,0.28790864925831555,0.07799965301076413
Q50459,R058751,0.36801305413246155,0.2826705115437508,0.08880218216590238
Q50461,R534741,0.47679540514945984,0.3505739915370941,0.08406180646470665
Q50466,R849368,0.23617276549339294,0.24414615448564292,0.06818892371064543
Q50469,R036121,0.31123295426368713,0.23416434649378062,0.07995342361372529
Q50473,R548868,0.36781883239746094,0.30127141055464746,0.09042898019627495
Q50480,R315726,0.40965506434440613,0.3408556785956025,0.10965137340835068
Q50490,R656236,0.6611846685409546,0.27105462582409384,0.08104272190323204
Q50493,R696196,0.3049379587173462,0.20435428228974342,0.06477270306835024
Q50499,R614991,0.5351380705833435,0.3009239101111889,0.09664065448658
Q50500,R592267,0.0838344469666481,0.2343762155920267,0.07850272065470512
Q50507,R544132,0.6810367703437805,0.3387789368927479,0.11508472321772348
Q50518,R215496,0.70477294921875,0.2867325481250882,0.08329097228189258
Q50521,R418149,0.6874407529830933,0.13149567263573408,0.06575189202873263
Q50523,R827643,0.2958948016166687,0.20776162486150862,0.07078582187259565
Q50531,R572405,0.5353423953056335,0.32776608073711394,0.11133763645657527
Q50534,R298269,0.9117145538330078,0.3401869724541903,0.09202035281241139
Q50535,R301493,0.7984634041786194,0.27155985801666976,0.09976050196390951
Q50551,R862389,0.2395765334367752,0.2518730270713568,0.07990668656275196
Q50554,R863400,0.21691803634166718,0.16441789952665567,0.06642096396551957
Q50560,R755377,0.5704755783081055,0.30256811452656984,0.09657716537782725
Q50563,R848207,0.4458251893520355,0.3209035331569612,0.08524867725237592
Q50578,R137255,0.46727254986763,0.3023938247039914,0.07837010306869364
Q50579,R389723,0.31150877475738525,0.281779384188354,0.10076603394354836
Q50583,R606744,0.5475485324859619,0.33650347106903794,0.09228769594642836
Q50585,R124306,0.5467783808708191,0.26375815155357124,0.07634883442474559
Q50586,R748310,0.29263386130332947,0.2722244656831026,0.0980746169718846
Q50587,R501152,0.4563453197479248,0.24221780776232482,0.07868561365690137
Q50590,R182888,0.6281536221504211,0.31299888746440413,0.10609450037612157
Q50592,R317458,0.41798439621925354,0.29692122133821247,0.07576187408942288
Q50593,R076432,0.45802292227745056,0.24375064228475093,0.0879740666069353
Q50595,R513420,0.5101179480552673,0.29234690179675815,0.08099558275757707
Q50600,R535499,0.3753736615180969,0.3340703819468617,0.10185842119487347
Q50603,R292619,0.5073352456092834,0.2451002971082926,0.07006626598806387
Q50604,R588421,0.8459048271179199,0.2522882296182215,0.0968945291971554
Q50605,R338045,0.44228416681289673,0.37906454745680096,0.10263086516794528
Q50613,R654761,0.5836962461471558,0.2589292583167553,0.08671404669479336
Q50618,R225580,0.8130517601966858,0.2889635636806488,0.12087737762034961
Q50625,R346672,0.7481250166893005,0.2926421399861574,0.08034756834389617
Q50629,R560802,0.13079623878002167,0.21119399447739123,0.06428489965943027
Q50635,R341982,0.4665699005126953,0.2997824524194002,0.0699545756312324
Q50641,R266011,0.9158858060836792,0.333922373957932,0.10521049218484527
Q50642,R677724,0.7567805051803589,0.23907657180726527,0.08790776489759329
Q50644,R436100,0.4993118345737457,0.2916020872220397,0.07714193196877707
Q50647,R983211,0.9274766445159912,0.32837798028439286,0.10262955498177773
Q50656,R238822,0.6838176250457764,0.35930113328248264,0.10319308493550168
Q50659,R420839,0.7248886227607727,0.3415849186182022,0.09656497226371384
Q50665,R971165,0.4321174919605255,0.2064591906145215,0.07504536128320898
Q50667,R818075,0.6749025583267212,0.30309676852822304,0.08430132198692898
Q50669,R318260,0.248008131980896,0.28078682358562945,0.08163911106651661
Q50670,R576684,0.55771404504776,0.3719153698980808,0.10211601919172611
Q50674,R263750,0.22738416492938995,0.2998431857638061,0.09216867302658047
Q50678,R359488,0.43049290776252747,0.2811870978474617,0.0704314282455017
Q50682,R934683,0.837623119354248,0.24145291615650058,0.09599111807015595
Q50692,R655420,0.6119065880775452,0.30842993085086345,0.09115283298637851
Q50693,R197871,0.414270281791687,0.32208172329515217,0.08066490171054727
Q50699,R038543,0.33122310042381287,0.25368151941150424,0.0864196587808569
Q50702,R573728,0.7282124161720276,0.34714128813892603,0.10264770325083676
Q50706,R286338,0.49131840467453003,0.24687264309078455,0.0771428300207925
Q50721,R980164,0.2595423460006714,0.24680899731814862,0.06806053962594505
Q50733,R107406,0.9405339956283569,0.2414529605731368,0.11697578770518646
Q50734,R575810,0.33144646883010864,0.322138704046607,0.07734878295226058
Q50746,R491387,0.9519767761230469,0.3423619461543858,0.14245728803201207
Q50749,R151826,0.16694366931915283,0.20167273324728013,0.11065041777577649
Q50750,R743456,0.8623328804969788,0.35226684426516297,0.1119619544111672
Q50756,R209774,0.39372628927230835,0.2975250070542097,0.08106545053365655
Q50777,R511397,0.6636415123939514,0.33144173864275217,0.09369080648930522
Q50784,R390843,0.7210914492607117,0.31919540144503117,0.0834495976871921
Q50789,R847812,0.5341293215751648,0.3207636090219021,0.07307228126254034
Q50794,R314092,0.5112568140029907,0.25457093603909015,0.08020163631131018
Q50797,R045509,0.7275267243385315,0.30028687040507795,0.09619883230842591
Q50799,R718029,0.3482765555381775,0.26916566731035707,0.08465093165322897
Q50817,R740487,0.5739004015922546,0.2884803639948368,0.08716784062614226
Q50828,R210218,0.2040497213602066,0.29036213536560534,0.08717894197017768
Q50836,R431754,0.2227575033903122,0.2038438668400049,0.0630323745432316
Q50845,R018328,0.4858585298061371,0.31759698475152254,0.0948627496434046
Q50853,R383684,0.7212406992912292,0.2763472459688783,0.0959448083765199
Q50859,R054725,0.2729146182537079,0.27349558479338887,0.08769420223615727
Q50860,R838873,0.16424068808555603,0.20120213950797916,0.07147006336782623
Q50864,R773601,0.5599243640899658,0.31784295550733804,0.08332093052734332
Q50870,R642930,0.5107263326644897,0.3534493089094758,0.0936467734636536
Q50880,R891919,0.13746638596057892,0.1432897195443511,0.05352403026259766
Q50884,R042163,0.2813577353954315,0.20590551801025866,0.06375714802261573
Q50886,R335502,0.3660850524902344,0.2801006005704403,0.0825147197554841
Q50889,R373975,0.33421850204467773,0.30215653918683527,0.09103343474450566
Q50892,R316923,0.9125913977622986,0.3007765357270837,0.09367220034912999
Q50903,R318645,0.8647463321685791,0.3132313958853483,0.10022299247774266
Q50923,R610057,0.5894752740859985,0.2811318599656224,0.09718474007983989
Q50932,R971432,0.5655198693275452,0.3384396688491106,0.0919108885113899
Q50934,R672758,0.9776797890663147,0.3318910542391241,0.11619766886767284
Q50935,R667963,0.5833290815353394,0.273921229083091,0.08273143404850698
Q50937,R923078,0.2703368663787842,0.20553016535565258,0.07013026233154664
Q50957,R900689,0.7335809469223022,0.34657941716164353,0.10661106845864711
Q50959,R599875,0.21912992000579834,0.25143843434751034,0.09718199235194243
Q50966,R593741,0.5673589706420898,0.28913967207074165,0.09448295883381791
Q50967,R912199,0.36436939239501953,0.23366188718378544,0.11826160506101577
Q50968,R927166,0.7411595582962036,0.367525614567101,0.1106222297460087
Q50976,R132293,0.420951783657074,0.25971240044385197,0.0847690247529438
Q50984,R947912,0.4069872200489044,0.3137139907181263,0.07035788176344955
Q50985,R697315,0.4354575276374817,0.2610491004064679,0.0787292093050615
Q50987,R912647,0.8307663202285767,0.35887401033192873,0.1174391493277639
Q51002,R659708,0.4881570637226105,0.28362416455894707,0.08652782748902604
Q51003,R436568,0.694157063961029,0.3256971933841705,0.09458177414786868
Q51012,R434556,0.17609398066997528,0.18204448936879636,0.06659314585715971
Q51031,R460807,0.5079061388969421,0.3400711214095354,0.09331952029720295
Q51035,R340048,0.5356277227401733,0.2819621906429529,0.07336189641348768
Q51036,R281869,0.38710904121398926,0.2844777670502663,0.08150471983592689
Q51038,R698477,0.765865683555603,0.3272869137004018,0.11025413034370317
Q51042,R324606,0.4634036123752594,0.2776223131492734,0.09618254290938169
Q51046,R375451,0.9567480087280273,0.2264056933745742,0.0991464770582133
Q51048,R952593,0.3908279836177826,0.30657892900705336,0.07760143775263209
Q51054,R670151,0.3190195560455322,0.22562364330887794,0.07886126661611612
Q51062,R096518,0.27551695704460144,0.2782575847432017,0.08612740753008356
Q51079,R312171,0.5149868130683899,0.27253655780106784,0.09283811849930777
Q51082,R358592,0.6357032060623169,0.23417141553759574,0.10481107536599828
Q51089,R665967,0.5732096433639526,0.30429033724218607,0.08583080766359559
Q51098,R778731,0.5465024709701538,0.3330417326167226,0.09119145682192863
Q51099,R371082,0.14674118161201477,0.3343400220051408,0.09156274911311177
Q51102,R049903,0.4432539641857147,0.24832117410749197,0.07787770236418284
Q51111,R403695,0.8991252183914185,0.35447321128100157,0.13914651340354858
Q51118,R265751,0.8224509358406067,0.31707107968628406,0.10792200957782316
Q51121,R024445,0.9295684695243835,0.23918877779319883,0.1151775857821865
Q51122,R963530,0.17637503147125244,0.18949536499753594,0.0662988110231625
Q51123,R492543,0.47886812686920166,0.36702519199252126,0.08565755791416413
Q51126,R927082,0.5139930844306946,0.25036662770807744,0.10698838404114748
Q51132,R271075,0.364260196685791,0.31899934709072114,0.07964537682946253
Q51140,R945346,0.41906288266181946,0.3106813393607736,0.08929809050756064
Q51143,R438511,0.6663467884063721,0.3755198357105255,0.10345758945375369
Q51147,R275267,0.5217695236206055,0.32622657184302806,0.10108925044894512
Q51149,R334277,0.16887103021144867,0.15543913549184799,0.06511552586966039
Q51154,R587120,0.43283703923225403,0.2810471575111151,0.07289799991849559
Q51164,R548517,0.33980700373649597,0.3248083624020219,0.0839486126862879
Q51165,R812497,0.5263820886611938,0.36497448667883875,0.09113790361637361
Q51169,R679841,0.7019832134246826,0.3128362196236849,0.10601329886018539
Q51171,R137972,0.35453808307647705,0.2635068680271506,0.0912261626118342
Q51175,R023609,0.3946554660797119,0.22532718854025005,0.07141346639444467
Q51181,R790155,0.7045995593070984,0.29343075038120153,0.10037454595670635
Q51190,R850095,0.5067105889320374,0.2501831394135952,0.07608262852428437
Q51192,R438973,0.19147628545761108,0.16456666097790001,0.1117131791023366
Q51206,R320252,0.4696970582008362,0.30647247384488585,0.09627086952183554
Q51210,R229697,0.42065680027008057,0.2309907458089292,0.09261396529631026
Q51213,R934129,0.44025400280952454,0.26488859113305807,0.08167210015267706
Q51219,R878816,0.9156317710876465,0.3325248699039221,0.13207604703273038
Q51220,R648819,0.4943125247955322,0.25795984534546734,0.10136764655468458
Q51229,R878457,0.20204709470272064,0.2422761483900249,0.08756559201577903
Q51231,R339925,0.5800778865814209,0.23768790575116872,0.08219026014505834
Q51238,R968265,0.4007527530193329,0.2695167500898242,0.07275003331110122
Q51244,R852557,0.5597594380378723,0.35056193749606607,0.09936092901910638
Q51249,R937234,0.383983850479126,0.21990591094270348,0.0803461019240243
Q51250,R915090,0.21259309351444244,0.34112312403321265,0.11473603300530087
Q51257,R754850,0.675006628036499,0.17075406054407358,0.10936507857063729
Q51259,R151220,0.39921268820762634,0.29108967012166975,0.08443945450024792
Q51260,R787532,0.4298250675201416,0.3264835875928402,0.08581073446874633
Q51261,R295380,0.3698562681674957,0.2685396353080869,0.07661843991995851
Q51266,R920185,0.24610549211502075,0.29274228753894566,0.08592994145509356
Q51281,R136356,0.5990593433380127,0.26932420977950094,0.08163522754324022
Q51282,R181054,0.42616739869117737,0.3784397274553776,0.09904147186464105
Q51283,R289349,0.20302829146385193,0.25673883521556856,0.07789775386960673
Q51292,R090307,0.7546798586845398,0.29077857786417005,0.09238728575231088
Q51299,R159333,0.31860610842704773,0.24175249875336885,0.07564663907408474
Q51305,R233819,0.3652450144290924,0.249136427231133,0.0905246519858794
Q51308,R449116,0.7340471744537354,0.32875239388644695,0.09038686762084931
Q51310,R711363,0.30374324321746826,0.2727663743458688,0.09045773004511001
Q51316,R070496,0.24232304096221924,0.23906038019806147,0.09317877474116289
Q51320,R457719,0.3536807596683502,0.28982254151254894,0.08156810640008728
Q51321,R954281,0.4565272331237793,0.29944515793770554,0.08540072931731024
Q51323,R635294,0.702725350856781,0.2983573472872376,0.09910203089532021
Q51326,R483280,0.6750267744064331,0.29743034368008375,0.09398021677201662
Q51331,R201373,0.693638026714325,0.325290016412735,0.08572569387168234
Q51332,R835422,0.3592720925807953,0.17730275132507087,0.06346179208881637
Q51338,R149700,0.6710225939750671,0.30277062734216453,0.0986748320124374
Q51350,R347088,0.22020424902439117,0.2977550234720111,0.08136238453632813
Q51356,R656565,0.6859084963798523,0.29190781434625385,0.10131550700405792
Q51359,R769987,0.7088596224784851,0.3123416803590953,0.09835191487998161
Q51360,R717059,0.5193905234336853,0.30460548678040505,0.09119949186839775
Q51369,R111460,0.718799889087677,0.2790202650949359,0.07013797186582815
Q51370,R451089,0.5697336196899414,0.33782531479746103,0.0818098076323957
Q51373,R479436,0.15777768194675446,0.21908006985485554,0.10619930362282719
Q51379,R996759,0.3032853603363037,0.2551311858594418,0.08583946865196158
Q51384,R139086,0.6385745406150818,0.2700247828140855,0.09352245463503618
Q51393,R847952,0.7446535229682922,0.27407989687472584,0.0908176884435744
Q51395,R341319,0.7793749570846558,0.24998598781228065,0.07772592654230535
Q51409,R477977,0.8247948884963989,0.3183562453612685,0.10302097295627294
Q51410,R498648,0.8396229147911072,0.312218004450202,0.0963106512938334
Q51416,R558151,0.7627293467521667,0.26231306801736354,0.08496909296547869
Q51421,R058682,0.784599244594574,0.3067853208333254,0.09730064676896455
Q51425,R816958,0.9270928502082825,0.3143368241712451,0.09544920374091197
Q51427,R021292,0.41557732224464417,0.30464605716615917,0.08446292471129564
Q51430,R803842,0.3320533335208893,0.2828147368580103,0.091558242581137
Q51433,R542808,0.12931755185127258,0.20983081248402596,0.06572143941081404
Q51437,R389883,0.42988160252571106,0.3215693852826953,0.08119362011706992
Q51445,R767344,0.4110013544559479,0.2810761856287718,0.08153133949617215
Q51446,R124762,0.8571699261665344,0.2522400726005435,0.0979608186727532
Q51452,R224484,0.6273257732391357,0.3434077119156718,0.08843420751616764
Q51454,R741685,0.3866235613822937,0.34097135536372664,0.08433516478121462
Q51466,R693318,0.2704445719718933,0.21082951524481178,0.07253192253444857
Q51473,R181053,0.6782806515693665,0.33115321235358713,0.08333928908339974
Q51478,R813894,0.2941535711288452,0.2415668453797698,0.06724554023594974
Q51481,R008569,0.38879045844078064,0.19490889316797255,0.0931887331865471
Q51485,R806715,0.4884133040904999,0.2610554305687547,0.07690971097576818
Q51496,R482377,0.39692696928977966,0.23097885981947183,0.06634643113624701
Q51506,R349836,0.15785126388072968,0.286305515833199,0.08065305923257819
Q51507,R279350,0.2723260521888733,0.28193016651272773,0.09391543303417986
Q51508,R592464,0.9632899761199951,0.30813653706759214,0.09671571585613206
Q51511,R558045,0.48741060495376587,0.284632142059505,0.0844889293356405
Q51514,R112851,0.3855333924293518,0.23690897538512945,0.0882204870256732
Q51523,R534742,0.07579903304576874,0.13553367616608739,0.05823283100108146
Q51533,R188390,0.9670938849449158,0.18221102948859333,0.1022486173227646
Q51536,R081401,0.563539445400238,0.33026026878505943,0.08093090398104956
Q51540,R135043,0.6266069412231445,0.2407770140171051,0.07348896948377663
Q51541,R747324,0.3445868492126465,0.2654471081793308,0.07281750642773213
Q51550,R127053,0.38855820894241333,0.26177945391088725,0.08263558616914633
Q51554,R848404,0.25396326184272766,0.3249987587928772,0.08573266754971175
Q51556,R691545,0.503485918045044,0.2518870500475168,0.08216028306822035
Q51560,R427901,0.49302881956100464,0.21971419359743596,0.07901927153161359
Q51564,R920883,0.5633227229118347,0.21148554446175694,0.09291723960271252
Q51567,R597585,0.30903035402297974,0.2741994056329131,0.09115833961884535
Q51569,R566164,0.7711437940597534,0.2672015744075179,0.09267598456392465
Q51571,R542239,0.23079678416252136,0.3183811901286244,0.0830317829741131
Q51579,R036095,0.561773419380188,0.344510975651443,0.09983887104243958
Q51581,R134954,0.5273457765579224,0.29362579876556993,0.09472631791367844
Q51592,R614855,0.4430425763130188,0.2533147639781237,0.0699007450367617
Q51593,R256955,0.38279780745506287,0.27317982373014094,0.10088941368783261
Q51599,R590003,0.8204351663589478,0.2933721524588764,0.10062394817226845
Q51605,R989939,0.8735037446022034,0.36812594421952965,0.11133862996077401
Q51610,R187260,0.20133472979068756,0.21098730139061808,0.07410680557312956
Q51612,R976460,0.4295782148838043,0.3509276517778635,0.0952767373841425
Q51613,R034896,0.5556081533432007,0.31289157894998787,0.11712518020620807
Q51618,R054939,0.777276873588562,0.3158439330384135,0.09162147066988643
Q51623,R967238,0.24845507740974426,0.21966473039984702,0.06781740194667506
Q51628,R127898,0.47078007459640503,0.31241266702115533,0.07877865297040959
Q51631,R725283,0.6647995710372925,0.2707180260494351,0.08139140623793331
Q51632,R539137,0.558874249458313,0.3068505391553044,0.08527102969057475
Q51636,R505397,0.5749127268791199,0.33807587906718256,0.0963702845828025
Q51656,R139533,0.5199942588806152,0.2733671659976244,0.07273266866309773
Q51657,R765783,0.515211820602417,0.28475355334207414,0.09217058810416824
Q51686,R436353,0.5272741317749023,0.2316978136152029,0.10234452913876298
Q51700,R501491,0.44916456937789917,0.3262232350930572,0.09831503228232523
Q51706,R579720,0.4003807306289673,0.2140928316898644,0.10253213317697195
Q51709,R229495,0.44961440563201904,0.2701917970851064,0.07832790247329409
Q51720,R400186,0.22729767858982086,0.1984318262040615,0.05936730114022444
Q51725,R012389,0.9105924963951111,0.30936240373551843,0.11201561324890043
Q51728,R909977,0.6453074216842651,0.37044963251799345,0.10494448074685453
Q51729,R246159,0.7451469302177429,0.35838269206136464,0.11097733750023078
Q51740,R990481,0.8040286898612976,0.3466730139255524,0.12150633630061895
Q51747,R665284,0.5673420429229736,0.3298153648152947,0.09987325032870185
Q51755,R545478,0.3218616247177124,0.2977897634804249,0.07916916104520938
Q51759,R618464,0.2661392390727997,0.3554172643348575,0.11375738624335849
Q51760,R048825,0.3636367619037628,0.23352647840231658,0.11146546549271683
Q51761,R351727,0.877435028553009,0.18985774246975778,0.10418205482576601
Q51768,R113407,0.6331080198287964,0.3078058876246214,0.098834475060992
Q51771,R549470,0.4694516956806183,0.2601451441794634,0.0714196703477514
Q51773,R889958,0.6687615513801575,0.3756860914751887,0.1093249144578089
Q51778,R168866,0.8452144265174866,0.20736075250804425,0.06791641240704176
Q51785,R703147,0.4936597943305969,0.3014170388951898,0.07839078770299719
Q51793,R005216,0.49156713485717773,0.31339977256953716,0.0793846804441931
Q51798,R957293,0.7305907607078552,0.22868537664413452,0.07994147688103442
Q51799,R900809,0.38521724939346313,0.29703989908099176,0.08880633663180545
Q51802,R481400,0.3297055959701538,0.2454417695403099,0.069536717496335
Q51804,R764732,0.7662279009819031,0.2861142170354724,0.07131499217849857
Q51807,R933941,0.810894250869751,0.25544302371889355,0.09867327065652366
Q51827,R398307,0.801982581615448,0.315128714248538,0.10984865360759094
Q51831,R022675,0.6381748914718628,0.31357995977252723,0.09837314813195157
Q51833,R070226,0.5550998449325562,0.3043102343529463,0.09338200106206475
Q51834,R270944,0.9632088541984558,0.2631143726930022,0.07279471256720069
Q51846,R173058,0.657370924949646,0.2800108239874244,0.09004581724320601
Q51847,R827757,0.3199060559272766,0.29846923857182267,0.07443926104702167
Q51852,R121586,0.2725864052772522,0.30413692393153907,0.09275687044365101
Q51853,R142500,0.6106405854225159,0.3237709359303117,0.08086782742874012
Q51856,R217718,0.6189250946044922,0.2454410630688071,0.07957173173437734
Q51858,R516172,0.47590285539627075,0.309175072312355,0.08270594508260083
Q51859,R491172,0.3432047963142395,0.20551647193357347,0.10511220115972787
Q51862,R123566,0.2944851517677307,0.2698760082386434,0.09702046015979027
Q51863,R318375,0.3417968153953552,0.3187699678093195,0.08050019120498118
Q51868,R284193,0.6392580270767212,0.3107912989482284,0.09132127302920136
Q51869,R857976,0.7980349063873291,0.28310534712672236,0.09137701363073247
Q51871,R284899,0.4463925063610077,0.3135186659246683,0.09675717867156776
Q51874,R899535,0.6300809979438782,0.28137550691515206,0.08647986036384735
Q51883,R389237,0.5220052599906921,0.23785683937370777,0.0774099200342679
Q51885,R628492,0.6605122089385986,0.22363799750432373,0.07229752200231271
Q51893,R561813,0.4531124234199524,0.33390811064466835,0.10727530460344605
Q51895,R817804,0.2891487777233124,0.25632648964971305,0.0774122531142753
Q51898,R922666,0.468046635389328,0.248573826700449,0.08317596247504334
Q51910,R594620,0.5509021878242493,0.24847583009302615,0.07163325169347047
Q51924,R681799,0.5285635590553284,0.3213955896683037,0.10655365263407165
Q51931,R383026,0.6244550347328186,0.2950034666806459,0.08088267712841907
Q51944,R437269,0.10663492232561111,0.20590780183672905,0.06395881562689157
Q51946,R380039,0.8970534801483154,0.3124352329149842,0.1074398762869173
Q51947,R252181,0.5549024343490601,0.34512955893576147,0.09111822718636288
Q51948,R068827,0.5021002292633057,0.3122220416888595,0.08019431754990651
Q51953,R919523,0.17509770393371582,0.1576239229682833,0.06252258565077949
Q51957,R690363,0.5768861770629883,0.31789951752126216,0.09471568131212632
Q51966,R234915,0.7801058888435364,0.3872160054668784,0.12021300718472282
Q51989,R217648,0.17974853515625,0.376536582916975,0.09960778840295861
Q51995,R459184,0.5685198307037354,0.3168348370343447,0.09876155086535093
Q51997,R081893,0.3448057472705841,0.2289614620283246,0.06608975227771308
Q52021,R828628,0.5053838491439819,0.33076724722236395,0.08491928367488655
Q52032,R709500,0.3689942955970764,0.2506987726762891,0.07478167888906738
Q52035,R421097,0.6117480397224426,0.24419625161588193,0.0735343432817856
Q52043,R003682,0.40975630283355713,0.2891459705457091,0.09382464111901406
Q52046,R975906,0.485544353723526,0.32114130252599715,0.08989152700694161
Q52057,R515229,0.485738605260849,0.26819747971743346,0.08052482766934198
Q52060,R419975,0.48239150643348694,0.2705998116657138,0.08061927967300332
Q52064,R496934,0.7409284710884094,0.3344698331803083,0.10680576704653037
Q52069,R330107,0.3233872354030609,0.33972393098473547,0.13376179754820694
Q52073,R444279,0.6850591897964478,0.3323984953761101,0.1064229573200007
Q52075,R771427,0.5080593824386597,0.21994318737089633,0.08844624756649191
Q52082,R489076,0.39418110251426697,0.34482433065026996,0.08485325987216734
Q52090,R057909,0.4751342833042145,0.33608179761469364,0.10509724290186992
Q52091,R495382,0.21374943852424622,0.25810881757736204,0.07821044850222268
Q52095,R510330,0.3383309543132782,0.26092321444302796,0.08985451281837109
Q52097,R493562,0.4494960904121399,0.3581370840370655,0.09913443315118364
Q52104,R575274,0.36653944849967957,0.2913969649747014,0.08873906178633888
Q52106,R448447,0.5136532783508301,0.34191616424918175,0.08481033724511695
Q52107,R107984,0.734178900718689,0.30219838276505473,0.07919348026562403
Q52111,R624933,0.24980273842811584,0.18611314041912555,0.07512612078949493
Q52117,R238759,0.7790963053703308,0.2518975527212024,0.08642812023588091
Q52125,R066846,0.35709765553474426,0.2627443841099739,0.07701665618044648
Q52128,R802002,0.425306499004364,0.269812068939209,0.07836219116950491
Q52137,R788232,0.7175154685974121,0.3014835903272033,0.0929013398446545
Q52139,R575150,0.5891566276550293,0.2750300525277853,0.08804357863799825
Q52143,R386338,0.41976016759872437,0.2982029051929712,0.09154032143006563
Q52152,R353962,0.606488049030304,0.24922332850471138,0.09304630397432519
Q52153,R254391,0.23392316699028015,0.29586489716917275,0.08780441725613333
Q52161,R966743,0.412684828042984,0.345325413569808,0.12016660186580778
Q52169,R423989,0.3532664179801941,0.3163775074481964,0.07862791904324364
Q52171,R324840,0.5870875716209412,0.25126449748128654,0.08792613116210357
Q52172,R348903,0.6812869310379028,0.2868657747358084,0.08369770560243478
Q52173,R070188,0.9025907516479492,0.34896636858582497,0.12032114143405942
Q52176,R130570,0.5365892052650452,0.27462889820337294,0.0824918329371183
Q52177,R614497,0.7631810307502747,0.28126347094774246,0.10288249162511202
Q52191,R177361,0.9197850227355957,0.2813469467535615,0.11271900600245387
Q52192,R754424,0.34071996808052063,0.25219556241482494,0.07695138075627807
Q52195,R776910,0.6628052592277527,0.2992167185023427,0.09400330038815893
Q52197,R653421,0.515305757522583,0.26712004556506874,0.07134009988609828
Q52198,R083396,0.46404626965522766,0.32507274263352154,0.09076341865388042
Q52200,R902693,0.5170663595199585,0.28528322038054466,0.09906035104985891
Q52202,R694565,0.4936181306838989,0.28618637171387673,0.08708903671769329
Q52210,R245177,0.3534865081310272,0.3739022123813629,0.1156006422373617
Q52211,R105511,0.7183738350868225,0.30960460763424635,0.10563523294847887
Q52214,R476272,0.10366574674844742,0.2474295920059085,0.10169564726072748
Q52215,R400136,0.47845080494880676,0.27274973886460063,0.07017946313815808
Q52223,R010005,0.6156340837478638,0.2462214343473315,0.06892949918246434
Q52230,R519985,0.20902308821678162,0.3331431491225958,0.08197357653961165
Q52231,R250960,0.9751623272895813,0.3684154579937458,0.1171962337979054
Q52236,R905959,0.32487520575523376,0.2428131932541728,0.07148104302718333
Q52237,R904592,0.4350797235965729,0.27794683795422315,0.07697167280102941
Q52245,R841405,0.12140444666147232,0.14304705916903912,0.11415202368777619
Q52251,R346592,0.5250853896141052,0.32064724835008385,0.07991660957861045
Q52252,R813211,0.7442464828491211,0.2426382078677416,0.0833524700965284
Q52260,R990815,0.5467696189880371,0.3183982440754771,0.0899284362388579
Q52261,R323908,0.7560039758682251,0.20605465088039637,0.11327105104420766
Q52262,R909740,0.8383641242980957,0.2290013784840703,0.07225608183455604
Q52265,R288834,0.1469455361366272,0.27999490758776663,0.09103067765477811
Q52266,R247801,0.7557980418205261,0.2517118045948446,0.08030202664478964
Q52268,R136384,0.6977553367614746,0.34101227786391974,0.09734754211605628
Q52272,R674837,0.6757056713104248,0.24399476037174464,0.09631701218639512
Q52286,R691172,0.6018235087394714,0.2619262145012617,0.10840922168491897
Q52289,R703513,0.1828184276819229,0.27663810596615074,0.09740019479564942
Q52291,R110537,0.7327628135681152,0.29882595302164555,0.12240949599035836
Q52292,R306071,0.4828033149242401,0.3048877758681774,0.0811587304686816
Q52295,R324415,0.36583635210990906,0.2468113568648696,0.06752873695789467
Q52308,R983620,0.4995984733104706,0.27326089174300433,0.0858347003350872
Q52310,R227276,0.40530070662498474,0.2573346152417362,0.09703564513010272
Q52311,R645932,0.07412905991077423,0.1304504003506154,0.059458808061006355
Q52312,R335900,0.19156062602996826,0.23945081097632648,0.05555373332124397
Q52313,R719917,0.8346424698829651,0.24023841628432274,0.06798421355704112
Q52316,R500254,0.6886914372444153,0.3304326571971178,0.10566015419154473
Q52330,R838914,0.9208853840827942,0.3145538513734937,0.08899278313862993
Q52333,R070020,0.42501014471054077,0.2949652349203825,0.06904382543288703
Q52334,R262703,0.6337885856628418,0.2992616805918515,0.09157248634317317
Q52342,R237305,0.5779940485954285,0.3224736553877592,0.09455724023367289
Q52348,R041312,0.9540985226631165,0.35954146753251554,0.12649205968881577
Q52352,R664181,0.43410179018974304,0.2391447566449642,0.07854852273795476
Q52353,R048505,0.7467312216758728,0.28228919055312873,0.08744656493288473
Q52373,R739879,0.4082915782928467,0.25362992477044466,0.0759779979961501
Q52398,R119282,0.6660326719284058,0.29957095439732073,0.08414031551651241
Q52399,R811851,0.6967605352401733,0.3123912744522095,0.10644827624515356
Q52410,R561221,0.4457758963108063,0.2385686000585556,0.07507999475809772
Q52413,R671569,0.08336545526981354,0.1575753258895129,0.059122260505931896
Q52414,R524972,0.5546342134475708,0.3166849984228611,0.07790802870541047
Q52415,R451069,0.2787855565547943,0.18290652956441045,0.115027253394721
Q52417,R252169,0.7630369067192078,0.2988674949854612,0.09737482462244884
Q52427,R070814,0.9036381840705872,0.19579022461920978,0.13066563900392467
Q52439,R879759,0.19459937512874603,0.277969732362777,0.0798986994112005
Q52443,R031479,0.3630253076553345,0.27230070508271453,0.07344359969664781
Q52444,R168421,0.3661724627017975,0.3209517500847578,0.07499009786445253
Q52450,R562452,0.1371631771326065,0.2025206637606025,0.06507427981491759
Q52451,R395045,0.38275912404060364,0.28979362662136554,0.07817541903643696
Q52452,R846551,0.6348878145217896,0.3498350821956992,0.10112578227521526
Q52454,R810984,0.6160043478012085,0.25604801984876396,0.08737809946421762
Q52455,R106879,0.834372341632843,0.3287730610370636,0.089530417149143
Q52456,R672317,0.8491460084915161,0.36736920166760684,0.12233262428245233
Q52457,R046140,0.5573452115058899,0.37559413746744397,0.11948079557769788
Q52466,R601741,0.9298897385597229,0.27749071568623185,0.14193957595792417
Q52472,R370893,0.7999559640884399,0.25944971131160854,0.09166351832603828
Q52475,R385637,0.9423519968986511,0.22172077042236923,0.08037140507102541
Q52478,R748068,0.7277271747589111,0.34918081484735014,0.09531939283291038
Q52485,R226387,0.22650101780891418,0.22938653540238738,0.07495010451990293
Q52487,R418552,0.7324765920639038,0.2732794638797641,0.0923236450643258
Q52489,R499325,0.3772432804107666,0.32893259879201653,0.10177546252302089
Q52490,R795806,0.4092351198196411,0.26684900587797167,0.09308178005592925
Q52495,R970628,0.2990945875644684,0.2765354727357626,0.07677543987920613
Q52502,R327605,0.2486136555671692,0.3368909044191241,0.09462815454898232
Q52520,R995919,0.6611514687538147,0.34462967985868453,0.10117648420506332
Q52530,R050638,0.42797085642814636,0.3051845632866025,0.07961421000809797
Q52536,R922698,0.5466658473014832,0.33204898292571305,0.08552420555594888
Q52540,R104189,0.8954719305038452,0.22990758890658616,0.08183077594760467
Q52547,R894052,0.8775066137313843,0.21578906412050128,0.07510577423028526
Q52562,R506518,0.39118680357933044,0.3545385205373168,0.0971521277929153
Q52570,R834192,0.4861829876899719,0.2749634584710002,0.0818642143689837
Q52574,R270349,0.3328181207180023,0.30156993643939495,0.08933172577010454
Q52579,R000260,0.5251373052597046,0.3680040066987276,0.11717484125280125
Q52581,R310097,0.8671560883522034,0.3111025365367532,0.10631572558499978
Q52588,R583145,0.5314417481422424,0.21677459351718426,0.0793174525649209
Q52593,R107241,0.27972927689552307,0.2754654432311654,0.07706885752660314
Q52596,R808315,0.24108552932739258,0.24626074868068099,0.07396908168928658
Q52601,R277140,0.3170027434825897,0.30221397075802087,0.08818932844427763
Q52605,R178322,0.40478241443634033,0.2709328806102276,0.08948728169971791
Q52619,R013642,0.765265703201294,0.2637230376750231,0.08784210606670889
Q52623,R668857,0.6695960164070129,0.2717512646690011,0.08698775950104896
Q52628,R108895,0.5084220170974731,0.25203595884516833,0.07883965473842867
Q52629,R025854,0.4685068726539612,0.3214361781850457,0.10874078992485832
Q52637,R773821,0.3096458613872528,0.28539664001762866,0.07852251579293151
Q52649,R856736,0.40574970841407776,0.3204752767905593,0.08890935678339097
Q52656,R062946,0.4630618095397949,0.28339930742979047,0.08351601822782612
Q52666,R123156,0.5509575009346008,0.32626322489976883,0.09190080390655554
Q52675,R180452,0.7114364504814148,0.3082406667247415,0.11105363307909591
Q52694,R275850,0.3136732578277588,0.295639827772975,0.0887548894029884
Q52704,R298334,0.27199438214302063,0.2676523419171572,0.09053989647682387
Q52717,R605346,0.28927841782569885,0.3227168045565486,0.07976962552463139
Q52719,R484636,0.18829892575740814,0.3403165553510189,0.10239196445056563
Q52724,R249080,0.705020010471344,0.2834561215639114,0.0788131331328354
Q52732,R348983,0.3396203815937042,0.3716967620551586,0.1096278918533052
Q52746,R100652,0.36976808309555054,0.3683525479361415,0.087511580934569
Q52747,R729877,0.5680927634239197,0.3015752066299319,0.09527190440861241
Q52759,R418793,0.5341817140579224,0.3307375186383724,0.10969537580631003
Q52762,R865419,0.6571274995803833,0.2508775362148881,0.07648143771509125
Q52770,R768878,0.20875903964042664,0.28050654119998214,0.09723366913430183
Q52774,R972377,0.5794392824172974,0.2854115406125784,0.10751794447066379
Q52775,R623581,0.4923316240310669,0.3364152880385518,0.10915634635877378
Q52779,R423650,0.393422394990921,0.2581461541354656,0.0780618757864593
Q52781,R311651,0.1836147904396057,0.23225109457224608,0.06967605260164092
Q52785,R041520,0.5930605530738831,0.32723447917401793,0.07351659613472566
Q52788,R855225,0.40386173129081726,0.3160917554795742,0.07791417875998358
Q52798,R645189,0.4736388623714447,0.26889608944952487,0.07644036148907171
Q52808,R878596,0.9762616753578186,0.18754509592428803,0.07552018737960571
Q52810,R205757,0.298835426568985,0.2383950780928135,0.07439624274672318
Q52816,R144855,0.531273603439331,0.32786220774054525,0.081666120909359
Q52822,R892923,0.4666348397731781,0.25175129801779983,0.07094595654421838
Q52829,R154053,0.4779067933559418,0.3232499329298735,0.07642079709526081
Q52836,R816482,0.6170989871025085,0.28095785608887675,0.08302391474001808
Q52864,R191265,0.19298839569091797,0.21519823060929774,0.06539305148254844
Q52867,R363988,0.7629888653755188,0.355430296421051,0.11102894596284546
Q52868,R946939,0.5297792553901672,0.3297380273491144,0.08803924576828287
Q52879,R964314,0.3664938807487488,0.18456360474228858,0.09655768768571975
Q52880,R971763,0.2144722193479538,0.2545351675860584,0.10368859758597518
Q52881,R142982,0.5554769039154053,0.32740137331187724,0.09529598996386497
Q52886,R338933,0.7578712701797485,0.28053142480552196,0.0931696512756106
Q52888,R451826,0.9291693568229675,0.25415250296145675,0.11075551704304933
Q52895,R252484,0.49253323674201965,0.20508919771388173,0.10240384989990209
Q52905,R237729,0.4454039931297302,0.3054032924920321,0.08093458474264084
Q52906,R731597,0.556952714920044,0.31045552837103607,0.09359528633568558
Q52915,R084557,0.3089320957660675,0.2814718697667122,0.08739198107503414
Q52922,R757461,0.6953247785568237,0.32098087376356127,0.07754837818866397
Q52925,R719832,0.9164800643920898,0.37182705467939375,0.10424400204058001
Q52928,R095569,0.27333077788352966,0.2603692703805864,0.07572748638951646
Q52932,R078111,0.22586920857429504,0.1880024594515562,0.062452646189926866
Q52935,R022102,0.476897269487381,0.33781139726936815,0.07342116958331896
Q52938,R617352,0.3385183811187744,0.2744868889078498,0.08843659035309571
Q52942,R017910,0.30122965574264526,0.2446861393377185,0.0641144296146877
Q52946,R862825,0.7211121916770935,0.2751415236443281,0.0854134535011388
Q52952,R878233,0.3325015604496002,0.2664111222028732,0.0727826096215314
Q52954,R692792,0.5840872526168823,0.31173863777518274,0.09907189551956634
Q52962,R284672,0.43414047360420227,0.28064450265467167,0.09593927665187149
Q52966,R919748,0.09551424533128738,0.14246192579530179,0.061834144400012336
Q52976,R819414,0.30493369698524475,0.29972691598534584,0.07364118201296631
Q52980,R241341,0.327201783657074,0.22834845365211368,0.07451023929348517
Q52992,R291329,0.233235701918602,0.17026318647712468,0.06064667740647333
Q52995,R378608,0.7500458359718323,0.2061247493326664,0.09333457795254424
Q53008,R656431,0.34375783801078796,0.2634443486556411,0.07949309601421434
Q53012,R821619,0.19142253696918488,0.15017267381586136,0.11288831106520422
Q53015,R009151,0.7956845760345459,0.33446447453647854,0.1234251526557045
Q53025,R707957,0.28681236505508423,0.2993351202309132,0.09171324100568305
Q53027,R680036,0.5659288167953491,0.33021857352554795,0.09555529117171772
Q53032,R023323,0.8296831846237183,0.25551446061953903,0.08691821684027531
Q53035,R060719,0.2320292890071869,0.19943774987012147,0.1142965176976826
Q53045,R224210,0.6811519861221313,0.33996589423716067,0.11838001930323971
Q53051,R778072,0.1492118537425995,0.24284716851264238,0.07461099677184392
Q53052,R069470,0.27320924401283264,0.2649830746203661,0.07107970618942132
Q53055,R446301,0.868502676486969,0.2243588617965579,0.06738998759758207
Q53063,R610298,0.34830647706985474,0.3007054794058204,0.08733486961668886
Q53067,R148455,0.4799240827560425,0.3129087760820985,0.09783955667491807
Q53074,R140747,0.6657747626304626,0.24941749479994177,0.09753912872258959
Q53075,R959545,0.7141278982162476,0.286548702865839,0.09866412502319179
Q53079,R451203,0.5224591493606567,0.33018898882716896,0.0856379440965954
Q53087,R629181,0.6792474985122681,0.2923484136909246,0.09682961871099194
Q53096,R764055,0.45245489478111267,0.22486521236225962,0.08873610673199613
Q53100,R555943,0.7229886651039124,0.3076622488722205,0.08223889725822668
Q53106,R087823,0.342488557100296,0.2591511420533061,0.08068720727156714
Q53110,R090484,0.2956205904483795,0.19669312557019294,0.0985805315828098
Q53113,R650358,0.6641725897789001,0.2769837522059679,0.11051793111503029
Q53121,R924622,0.44082868099212646,0.2698119334280491,0.09083385197447284
Q53122,R328668,0.9305620789527893,0.3389135116785765,0.1212677847658057
Q53124,R246038,0.3217499852180481,0.3182932113483548,0.07689109276705906
Q53125,R079147,0.6022329330444336,0.34190095237642526,0.10146117236778598
Q53129,R056804,0.8933430314064026,0.27695634082332254,0.11279064949429786
Q53131,R154951,0.17197200655937195,0.25704085126519205,0.0648544351239078
Q53132,R939271,0.3303600251674652,0.2064132935218513,0.1155442494483521
Q53141,R817434,0.7392752766609192,0.23044982166960837,0.10078908787079956
Q53144,R228806,0.506403923034668,0.29772432100772855,0.08237790246527255
Q53145,R534408,0.613440752029419,0.3303000140339136,0.09856162786669033
Q53147,R136893,0.7312345504760742,0.3289094159901142,0.12956047744991117
Q53149,R520443,0.6010273098945618,0.2519805700033903,0.09732888776552903
Q53152,R681800,0.4252762198448181,0.3527927493453026,0.08414268096177013
Q53154,R002239,0.958157479763031,0.17461803106963633,0.1350388984278594
Q53181,R720575,0.5659319758415222,0.29230720464140175,0.078590925577837
Q53183,R158077,0.3608562648296356,0.284420426659286,0.06714619052938776
Q53184,R906539,0.5369751453399658,0.261716042868793,0.0616115536519232
Q53195,R284524,0.2573600113391876,0.23038644014298915,0.07466574143627251
Q53197,R078223,0.6069328188896179,0.33001824251562356,0.10130816331007916
Q53203,R118036,0.79780513048172,0.37685995426774027,0.13047298713357036
Q53205,R982433,0.5886479616165161,0.33928161300718784,0.09754054678905591
Q53208,R254375,0.4900418221950531,0.2490654170587659,0.11212302754514833
Q53211,R777932,0.3186914920806885,0.2833301983103156,0.08832741021193632
Q53213,R957082,0.38351693749427795,0.2807639369815588,0.083031440634642
Q53224,R534127,0.13325610756874084,0.20635799538344146,0.066179168975761
Q53231,R274230,0.5767683982849121,0.300793895162642,0.07743053934860729
Q53234,R390542,0.4008895754814148,0.2416038591042161,0.08342734217760002
Q53243,R294740,0.4213070869445801,0.23598574340343476,0.08000592999755775
Q53246,R133622,0.1738549917936325,0.24163504941016437,0.06860562872859804
Q53254,R582368,0.33682724833488464,0.25713163626194,0.07482069574778105
Q53255,R803103,0.5972352623939514,0.29722595382481815,0.07702869300241197
Q53256,R105130,0.7277383804321289,0.2815086143910885,0.08741553752841154
Q53267,R281119,0.4416699707508087,0.19553760802559556,0.09099329875745188
Q53272,R359992,0.33043134212493896,0.30380176087096333,0.11081269205179564
Q53277,R980183,0.7913963794708252,0.2506785197556019,0.09226630944468313
Q53280,R824094,0.691840648651123,0.32565177327394484,0.09964013967289106
Q53282,R175637,0.8298937082290649,0.2824792954660952,0.09221712289947381
Q53284,R536951,0.43929165601730347,0.350249929100275,0.090625440937874
Q53287,R443727,0.36801326274871826,0.2908679287135601,0.09352253941623061
Q53295,R388956,0.5748120546340942,0.29489329183101654,0.09629244017180592
Q53300,R492418,0.3536234200000763,0.3005235365331173,0.07565151877254347
Q53316,R189397,0.3532944321632385,0.2664435220807791,0.06823486533917963
Q53318,R519797,0.9585611820220947,0.2361377405114472,0.08116862926374395
Q53325,R999626,0.37831804156303406,0.28248907141387464,0.08807809358569664
Q53328,R019469,0.7419421672821045,0.232195129416883,0.08912603667891503
Q53333,R144712,0.12387292832136154,0.24582044550776483,0.07998334044280682
Q53340,R682689,0.30449387431144714,0.23630709189921617,0.08898815133989921
Q53346,R997485,0.6300042271614075,0.3360858862325549,0.08791472204595059
Q53347,R450773,0.5656371712684631,0.2585891473218799,0.08954651309814066
Q53350,R739079,0.3566383123397827,0.3201046066880226,0.07436821659763578
Q53351,R649768,0.12123283743858337,0.1812078728452325,0.06091696745390897
Q53356,R192995,0.14284950494766235,0.29091576756536963,0.08891628250953916
Q53362,R113248,0.6822211146354675,0.32416938626766206,0.08825781982768485
Q53368,R033756,0.3223019242286682,0.266489598967135,0.08167489883392001
Q53374,R708649,0.3548133969306946,0.30946833272278307,0.08454153951127905
Q53380,R873679,0.6951737999916077,0.25554597181081773,0.09482368627277192
Q53381,R216179,0.3249373435974121,0.29370699608325956,0.07184602794808734
Q53386,R997449,0.2616788446903229,0.24193585474044085,0.07403085435847057
Q53391,R957278,0.5029234290122986,0.34084595593065026,0.08657704014493872
Q53392,R501707,0.3556033968925476,0.297070418946445,0.08957406117277367
Q53395,R555959,0.7835236191749573,0.27302688889205456,0.08767164264783706
Q53396,R455372,0.6025946140289307,0.3281017300114036,0.08155297597732161
Q53398,R088921,0.8174076676368713,0.3433153063803911,0.10544925875629416
Q53400,R122216,0.21219687163829803,0.20472282834351063,0.061325645976860375
Q53421,R865944,0.9596591591835022,0.2835526964217424,0.12232801842359874
Q53423,R996211,0.4493662118911743,0.21176127246022225,0.09036642586623043
Q53424,R662072,0.20597220957279205,0.3020029863640666,0.10336846648127615
Q53425,R700429,0.7821283340454102,0.25225052658468483,0.0883554517847393
Q53433,R719066,0.55735844373703,0.2797272780537605,0.08226155708313702
Q53440,R602594,0.6756279468536377,0.364834567733109,0.11158737502276928
Q53444,R617769,0.2928236722946167,0.17199000029265882,0.07556241341547984
Q53446,R253027,0.5425277352333069,0.3048564416766167,0.07539719939748336
Q53447,R445475,0.6555092930793762,0.3413245496451855,0.08807691286648496
Q53454,R424042,0.6687967777252197,0.3286034176722169,0.09995277014052968
Q53458,R434781,0.6527361869812012,0.29101153745502234,0.13139778140037714
Q53464,R708812,0.3434130549430847,0.3376021710857749,0.10840962302537566
Q53467,R862635,0.7089395523071289,0.30826611691713335,0.08686385293121286
Q53474,R455363,0.7119981050491333,0.3163870092853904,0.09754560842780732
Q53477,R872319,0.24813169240951538,0.24542646200954915,0.0687921716018257
Q53500,R538713,0.29677850008010864,0.2861976885125041,0.0751535317083747
Q53502,R051326,0.6663355827331543,0.351804825797677,0.1298886291121227
Q53504,R018459,0.7302389144897461,0.36462480619549753,0.11604841189894076
Q53506,R453626,0.5235213041305542,0.2949047641009092,0.09596427222790378
Q53508,R573046,0.6581991314888,0.25940093702822925,0.11069478632989563
Q53515,R141600,0.4974599778652191,0.25399030923843385,0.08227149053664798
Q53520,R512805,0.5688909292221069,0.24265042826160788,0.08506644112141148
Q53522,R865666,0.5233835577964783,0.3289125437140465,0.07581171084405468
Q53531,R731500,0.6340974569320679,0.24969124603644013,0.0988279955470836
Q53532,R836360,0.6409731507301331,0.29402215230464934,0.09755251547141171
Q53535,R969643,0.45045584440231323,0.3246700675338507,0.08592418190778657
Q53541,R711490,0.4553139805793762,0.2772878830954432,0.07761288752622361
Q53546,R548661,0.7772829532623291,0.21420439562574028,0.1042647483648926
Q53547,R103680,0.36314234137535095,0.29539606082439424,0.09473863410662885
Q53548,R981094,0.5161331295967102,0.27382569207251073,0.09883259672689491
Q53550,R685514,0.6743956804275513,0.2787179696336389,0.08468056687965055
Q53553,R094426,0.32807421684265137,0.23171543496474623,0.08213438015280923
Q53563,R152741,0.8215836882591248,0.3154206641465426,0.1003667161548004
Q53573,R480138,0.5320531725883484,0.3001410057917237,0.08498812626118678
Q53581,R436489,0.57261061668396,0.25014960509538653,0.06874107148259104
Q53582,R256338,0.37515708804130554,0.2668201915547252,0.0664548516475968
Q53584,R455425,0.411438912153244,0.29562697661668064,0.08601916618281691
Q53585,R801305,0.45945456624031067,0.29686939373612403,0.08166757692358896
Q53586,R912676,0.3126024901866913,0.28010262867063285,0.0861665432335237
Q53589,R270149,0.5123688578605652,0.29768189938366413,0.08622215099465125
Q53595,R920606,0.6056551337242126,0.30912607326358554,0.09647342615645697
Q53596,R104211,0.3621300160884857,0.33785908537358045,0.08843878099933622
Q53604,R441036,0.3367851972579956,0.31211516112834214,0.07213594206491841
Q53614,R819238,0.7204857468605042,0.3596666214764118,0.11140034451480997
Q53618,R870176,0.3849846124649048,0.27962011593580244,0.10000223849007894
Q53620,R586123,0.8811762928962708,0.37384871415793897,0.12381131885878126
Q53621,R547607,0.13175177574157715,0.22650295799598097,0.10591881911547
Q53625,R248362,0.41676828265190125,0.2707769862413406,0.08239906433794292
Q53626,R518372,0.7224985957145691,0.3103896311149001,0.07560836679343681
Q53627,R019102,0.2503131926059723,0.3156715413182974,0.09898766950418622
Q53634,R992209,0.6603095531463623,0.2313977434784174,0.0905584603049969
Q53635,R503415,0.7953336834907532,0.31611777120083573,0.08789863308314175
Q53638,R711538,0.26203426718711853,0.25827958234399556,0.0643057789466815
Q53640,R466357,0.24505005776882172,0.27715964256227016,0.07902129536081931
Q53643,R067723,0.261690229177475,0.2196679836064577,0.08365866368451969
Q53645,R846466,0.6672777533531189,0.369522503040731,0.10955868324257693
Q53653,R559216,0.3409983515739441,0.2755042328983545,0.09109909016429225
Q53654,R374828,0.7442395687103271,0.25789736964926124,0.08081929108247769
Q53657,R670031,0.5286799669265747,0.29379270278662445,0.08517231592022734
Q53658,R280680,0.4786089062690735,0.27051830243319275,0.08762176250686843
Q53673,R849788,0.4165385067462921,0.2746381281837821,0.08389223898501401
Q53679,R573783,0.6423903107643127,0.31858608730882404,0.11061725304054987
Q53683,R976705,0.9144377708435059,0.24103620483726262,0.11976350754093044
Q53687,R899686,0.3154084086418152,0.2672554935589433,0.07612413103849305
Q53689,R573993,0.33550259470939636,0.21713802294433118,0.10969424875756163
Q53701,R096252,0.4780091345310211,0.27232563272863625,0.08184373736507643
Q53703,R534623,0.2593870460987091,0.3141922721415758,0.07073495192154308
Q53708,R957184,0.4366256296634674,0.3251639555618167,0.0857564737447414
Q53717,R050483,0.6158188581466675,0.22864743811637164,0.0848994243413626
Q53718,R483057,0.5334386825561523,0.27738113337755205,0.08305048921688075
Q53736,R201716,0.41080546379089355,0.24851521614193917,0.08444190271798309
Q53737,R235095,0.47126907110214233,0.28310988055914643,0.08134150333886887
Q53739,R246546,0.12279272079467773,0.23241293592751025,0.08298655414998313
Q53740,R888340,0.13814079761505127,0.22229522913321853,0.0791248104901023
Q53742,R081216,0.7393084764480591,0.3101952681988478,0.10324201595844493
Q53751,R339788,0.3878169059753418,0.2968516692370176,0.09848420810812081
Q53753,R364122,0.22992022335529327,0.24983081305772067,0.06094729907266878
Q53761,R620965,0.2969631254673004,0.2717557318508625,0.07689736197520948
Q53773,R889939,0.4828938841819763,0.27404844722896815,0.08697181190882337
Q53775,R222881,0.864940881729126,0.35343842110782864,0.12051394144342503
Q53778,R658675,0.43226557970046997,0.275484123878181,0.085934860996122
Q53783,R582645,0.7590777277946472,0.31398354475945234,0.12124808202873313
Q53791,R251553,0.6781937479972839,0.2781100823134184,0.08326916497008444
Q53807,R085890,0.30892273783683777,0.3242471029236913,0.07920099083046707
Q53809,R459409,0.8064329028129578,0.22968049085140227,0.06886315282469536
Q53816,R009200,0.5345109105110168,0.28622848500311376,0.08432124973570354
Q53820,R691366,0.685133695602417,0.27013816353678705,0.09242633435410441
Q53821,R665404,0.868984580039978,0.35986470517516134,0.11784209533254
Q53822,R613477,0.8371487259864807,0.34298972647637127,0.11762141857796407
Q53825,R965601,0.38745975494384766,0.30676506406068804,0.07933390144130922
Q53832,R991410,0.5670779943466187,0.32771483754366637,0.09523660793402593
Q53840,R171453,0.5026880502700806,0.32251961236447096,0.09120251774941242
Q53842,R050973,0.40508806705474854,0.3428913001343608,0.09567804019670927
Q53848,R336917,0.3814023733139038,0.3052472994402051,0.07119544764852673
Q53853,R178483,0.08550965040922165,0.14891231286898254,0.059687313812692384
Q53859,R820100,0.4093363881111145,0.27922761531174184,0.09400041539886399
Q53863,R268175,0.3995000720024109,0.2508172502070665,0.07189368207178444
Q53864,R813944,0.5442126989364624,0.328607679925859,0.0874311853906425
Q53866,R213659,0.4091280996799469,0.2816618562191725,0.08280103413428075
Q53877,R780530,0.8188449740409851,0.28965462381392715,0.09503514854478609
Q53880,R882294,0.5945886969566345,0.3583435974493623,0.09185869262092172
Q53886,R268140,0.5104907751083374,0.2721535291001201,0.07242728725910788
Q53895,R641543,0.49703308939933777,0.32002365502715113,0.10976319720430788
Q53909,R163208,0.5833540558815002,0.2152634295411408,0.08038852566114854
Q53919,R927358,0.7506716847419739,0.29622305070608856,0.08372705080112988
Q53931,R020786,0.5676700472831726,0.29413659255206587,0.09939167440413553
Q53935,R489712,0.851986289024353,0.20858469071239233,0.08065632497713535
Q53939,R778725,0.5866909027099609,0.27158387743681667,0.09773534868961788
Q53950,R949097,0.6654507517814636,0.2993629258386791,0.1137523205836377
Q53951,R188707,0.21559999883174896,0.2128543143644929,0.07111064914707381
Q53966,R350175,0.3404146730899811,0.30720180688053367,0.07819398384382689
Q53967,R608721,0.854705810546875,0.3004945860952139,0.11717581842977876
Q53978,R813358,0.6303966641426086,0.4073939617499709,0.12363787495643695
Q54001,R856312,0.8539902567863464,0.3491997616775334,0.1117632066160775
Q54025,R123499,0.336800217628479,0.24197112896293402,0.07812186645061335
Q54030,R170096,0.48202115297317505,0.2643996606692672,0.08080872389841233
Q54031,R070972,0.8496293425559998,0.2838237222582102,0.07693965870045333
Q54032,R659965,0.43792295455932617,0.33148559974879027,0.08977425673408786
Q54036,R572051,0.6670094132423401,0.28788160732388496,0.1166078107028313
Q54043,R040053,0.759415864944458,0.27650437179207804,0.09928965836007216
Q54060,R386279,0.5919314622879028,0.33400741915404797,0.0987884028253226
Q54061,R348574,0.5179864168167114,0.2845899461880326,0.07892751254527096
Q54065,R863406,0.4908682703971863,0.2763181420043111,0.08958097333881544
Q54067,R411724,0.6726848483085632,0.25962610509246586,0.08113839956502018
Q54072,R391925,0.919975221157074,0.1763036612980068,0.09246409235870151
Q54073,R766166,0.7895241379737854,0.34112554201483725,0.1008279327160762
Q54075,R913271,0.41505876183509827,0.23149901128560305,0.06808042953166496
Q54077,R127859,0.9833045601844788,0.21341311094537377,0.08288442285861858
Q54080,R635061,0.44661831855773926,0.2677367675676942,0.09023834228465702
Q54082,R335470,0.8440507054328918,0.23655812651291488,0.08606410812723148
Q54089,R558657,0.6295515894889832,0.3225541415438056,0.08065353597591683
Q54095,R567731,0.5142830014228821,0.2529381904564798,0.08443394145259901
Q54096,R707470,0.38778582215309143,0.35126885420084,0.09752945695641356
Q54097,R961280,0.6669973731040955,0.36218649739027026,0.11127029248967998
Q54100,R692429,0.6871793270111084,0.2114122368991375,0.09115514342319493
Q54104,R434235,0.1887841671705246,0.2752425744459033,0.08286159091716346
Q54107,R598025,0.6012876629829407,0.3148346869423985,0.09402957523096629
Q54109,R544761,0.10548359900712967,0.19169733694195748,0.06575131016831298
Q54113,R541270,0.3897901773452759,0.28245528881251813,0.07503986535181009
Q54114,R344108,0.21880653500556946,0.3174952195286751,0.0841836339299431
Q54117,R174504,0.9476120471954346,0.3019566083177924,0.15486099648248075
Q54118,R672240,0.29760780930519104,0.29112512290850284,0.09196118568018438
Q54119,R106599,0.17669039964675903,0.1990882891230285,0.09953196484231791
Q54121,R993796,0.21076393127441406,0.2944999266639352,0.0836403131641602
Q54122,R979255,0.7102263569831848,0.26932159236818554,0.09016488956268601
Q54132,R132822,0.6362547278404236,0.29769856096059083,0.143151559315054
Q54142,R393736,0.3447413742542267,0.2978633443266153,0.08356665719082026
Q54145,R855386,0.5580496191978455,0.342775784753263,0.0950026199589421
Q54148,R279472,0.45443159341812134,0.2602210373133421,0.07418739678681205
Q54150,R867032,0.28037893772125244,0.2910017116367817,0.07190708414224452
Q54164,R100490,0.9347981214523315,0.3156475857719779,0.12559471040503137
Q54172,R415722,0.6713085174560547,0.30340073382109406,0.10438444695330022
Q54180,R763400,0.2014855146408081,0.21072975777089595,0.07191663852854219
Q54181,R597404,0.2590256631374359,0.15462422296404837,0.06338287711215325
Q54186,R276606,0.9525364637374878,0.2534869554117322,0.07757908948565632
Q54194,R316765,0.3711646497249603,0.3300845843404531,0.07429563976124433
Q54199,R601408,0.30515536665916443,0.24417502030357718,0.08023355115649779
Q54200,R130246,0.7938976287841797,0.34961274003982545,0.1099116061179803
Q54201,R602204,0.22417761385440826,0.15761979036033152,0.06528399086642786
Q54204,R353220,0.9677941799163818,0.29370133951306343,0.09122372165237687
Q54205,R480151,0.35256457328796387,0.2898446887061,0.08802953642416264
Q54209,R108650,0.7398402094841003,0.29358995816111566,0.08951795123884436
Q54217,R680743,0.32229045033454895,0.2344948575720191,0.10736636628097304
Q54220,R394558,0.33114972710609436,0.3387427941560745,0.08530564081508551
Q54232,R556401,0.4689381420612335,0.36718274008482693,0.1075469214280996
Q54247,R342489,0.577333390712738,0.2937727177217603,0.09152717766877398
Q54252,R089725,0.6186747550964355,0.33636744194477797,0.11144205450208515
Q54259,R435921,0.4892294406890869,0.31791914600878957,0.10561686734742277
Q54267,R084428,0.25697091221809387,0.3077155003845692,0.08268060610906776
Q54268,R633723,0.6640035510063171,0.26831234112381935,0.07942692566333887
Q54269,R931411,0.23025430738925934,0.24929118545353413,0.07993752081258979
Q54281,R631877,0.42397820949554443,0.2285979552268982,0.07624901794610034
Q54282,R838239,0.42948728799819946,0.30366148822382094,0.09129455074777865
Q54283,R513790,0.1873651146888733,0.23543534990400075,0.06326185435573725
Q54292,R726711,0.7497531771659851,0.27867005372047426,0.08719095364552484
Q54293,R463365,0.7059860229492188,0.3262664576917887,0.08044259310079702
Q54296,R780533,0.3389621675014496,0.3542048635929823,0.08461178861602814
Q54305,R239878,0.5218167901039124,0.2929420629516244,0.08637359272834963
Q54306,R548715,0.14618881046772003,0.16813970352336766,0.06241238136605313
Q54309,R284183,0.481974333524704,0.35400207530707123,0.1108749163724367
Q54319,R450133,0.8377079367637634,0.20451457776874304,0.06434975922298487
Q54341,R351778,0.18600577116012573,0.26857224725186823,0.07393513093804512
Q54345,R699112,0.6440560221672058,0.2581291978135705,0.0886442981036665
Q54347,R523659,0.5846493244171143,0.24305638342350722,0.09176433536889192
Q54353,R669118,0.7545518279075623,0.2534353311806917,0.07690164345588829
Q54354,R683142,0.3282414674758911,0.19835689672082663,0.05736034944051453
Q54359,R219411,0.3454417586326599,0.333629492148757,0.09073494312166985
Q54362,R155513,0.5392692685127258,0.32990016040205955,0.0824294726070502
Q54373,R829947,0.9060786962509155,0.28865167588368057,0.08452516543126537
Q54378,R204913,0.1804562360048294,0.24352008486911655,0.08578214323183343
Q54381,R425276,0.45311152935028076,0.3402756082341075,0.07799791459384467
Q54383,R697376,0.5207408666610718,0.3358878800049424,0.08818214496041964
Q54395,R710026,0.5222175717353821,0.26573804189264777,0.08925459174654285
Q54405,R037570,0.7466294765472412,0.34797661312669514,0.10492713837968838
Q54409,R463728,0.8238010406494141,0.31405700273811815,0.12184445905542343
Q54415,R410112,0.9403493404388428,0.3317009905613959,0.14026488951743457
Q54417,R295474,0.06521441787481308,0.14356255585327746,0.06012213391419985
Q54418,R865376,0.38264545798301697,0.25379316333681345,0.07190115731454405
Q54431,R677642,0.7530580163002014,0.29242486211657526,0.09425755267933614
Q54433,R096478,0.6692020893096924,0.31671406822651627,0.10006127340039762
Q54437,R329988,0.14776018261909485,0.16299953804910183,0.10310182838249668
Q54444,R537066,0.6338232755661011,0.2445610464885831,0.08680273615013466
Q54445,R622451,0.8254844546318054,0.31303891633450986,0.10409425913573726
Q54451,R897616,0.4164105951786041,0.2703596302866936,0.0826851300474441
Q54454,R783529,0.49412092566490173,0.3062906094044447,0.1018721931468628
Q54479,R734875,0.7996047735214233,0.2686170103102922,0.07152824449938754
Q54485,R456960,0.8801296353340149,0.30325481029227375,0.1306069790029709
Q54490,R714365,0.5954379439353943,0.22552098452299835,0.08543083597960209
Q54497,R811878,0.7115549445152283,0.3575655466094613,0.09654453434470041
Q54501,R366764,0.233354851603508,0.28436716717481614,0.08916087130179572
Q54504,R391670,0.47955501079559326,0.28895667105168105,0.08061225874464385
Q54507,R426212,0.36778613924980164,0.3924223491922021,0.095521349530693
Q54511,R579481,0.5030856728553772,0.3261517938673496,0.08994489393561333
Q54515,R923777,0.4249616265296936,0.3145958153754473,0.08305859950892103
Q54525,R961924,0.42933958768844604,0.27008817049488426,0.08765026205976655
Q54526,R832453,0.50352942943573,0.25988154887780546,0.08366686557655785
Q54528,R988075,0.3922520875930786,0.3647568782493472,0.10132844602253663
Q54541,R716732,0.6380555033683777,0.33482431624829767,0.12009955849140572
Q54549,R484760,0.37943235039711,0.3544995896294713,0.08657240893807244
Q54551,R717971,0.3867160975933075,0.31361193723231556,0.0812418517833256
Q54554,R350596,0.4294431507587433,0.2902739140316844,0.09047480960128829
Q54562,R452756,0.6610323190689087,0.24522392494231463,0.07803180911398307
Q54565,R890477,0.5245823860168457,0.3233799338415265,0.08846355350536439
Q54573,R068622,0.4830673336982727,0.367565022341907,0.09984561439650876
Q54577,R609953,0.5335016846656799,0.35234900940954683,0.10774255710686373
Q54580,R142699,0.41426363587379456,0.3482197506651282,0.10649081931091281
Q54582,R347549,0.26203545928001404,0.20981774731725455,0.0694239115182894
Q54586,R268941,0.35811924934387207,0.2970283027738333,0.07306407902807693
Q54587,R350751,0.3911605477333069,0.37023937652260064,0.09683042998731789
Q54591,R939370,0.9299019575119019,0.28601449633389714,0.10008332495978678
Q54593,R295959,0.6308120489120483,0.3384349182397127,0.0871414048923903
Q54594,R830442,0.6354424357414246,0.23251920918375255,0.08869046184609412
Q54608,R938673,0.6719453930854797,0.3327991535812616,0.09126266153479194
Q54614,R856070,0.5029199719429016,0.2796058549508452,0.08230429418259302
Q54620,R963743,0.5130759477615356,0.25012038958072663,0.08823467025623087
Q54623,R978996,0.15441787242889404,0.17195173677429557,0.06079391907035397
Q54624,R549331,0.5413708090782166,0.2685301481112838,0.0852757507395654
Q54632,R949491,0.6784284114837646,0.2991524448692799,0.10542989711662441
Q54641,R759240,0.5250903367996216,0.3232877347394824,0.09306416918373703
Q54650,R296442,0.6099029183387756,0.28299707926809786,0.08997866332055882
Q54655,R841218,0.6672424077987671,0.32532086096704005,0.13942983151318789
Q54661,R305559,0.31102755665779114,0.2313238265067339,0.06856787005208924
Q54668,R941453,0.3691956400871277,0.3390802043378353,0.10294307169543129
Q54677,R435672,0.278592050075531,0.1253342490494251,0.052533316487796446
Q54679,R970075,0.28362801671028137,0.2660189240500331,0.07324319139520939
Q54687,R803601,0.7818263173103333,0.22318215921707452,0.093767014860291
Q54693,R625296,0.21652312576770782,0.26087205021455884,0.09455507345494499
Q54696,R399904,0.7486953139305115,0.3460468825995922,0.09840796588051373
Q54697,R515577,0.44968119263648987,0.27554610173404215,0.07808624064068195
Q54717,R742444,0.5071192979812622,0.16455263608694076,0.10338822904095517
Q54720,R663538,0.7933218479156494,0.23361351338773967,0.09428357008270402
Q54734,R529231,0.5034292340278625,0.28482442651316525,0.10134183327879794
Q54735,R626919,0.5529694557189941,0.34295796121656896,0.09741776262522701
Q54742,R328881,0.9083737730979919,0.22530020417273044,0.06659439436134093
Q54756,R378246,0.7253857851028442,0.335563930824399,0.08976899737188608
Q54761,R617365,0.6119202971458435,0.30973275016248225,0.08348564666904834
Q54766,R856078,0.3954142928123474,0.2892864721491933,0.09883942827641899
Q54773,R667673,0.3166979253292084,0.2654790151491761,0.08101671942680543
Q54779,R072025,0.8297310471534729,0.3365495981872082,0.10183379920542696
Q54781,R538586,0.6101372838020325,0.2900765213817358,0.07749594100378414
Q54784,R201982,0.10089776664972305,0.24104541788250208,0.07302556947504586
Q54786,R242573,0.38433995842933655,0.2850143032446504,0.08303436169308397
Q54788,R737236,0.6077133417129517,0.2695123259946704,0.09502219305991434
Q54796,R201917,0.20714978873729706,0.17362393113598226,0.11725786742375245
Q54800,R661048,0.6761859059333801,0.2819022738188505,0.08964475553051508
Q54815,R159583,0.19821326434612274,0.27372400914877654,0.0722017703039282
Q54817,R712153,0.6597165465354919,0.2634450335130096,0.09115276509682471
Q54822,R428221,0.29898208379745483,0.2596512588709593,0.08231580569180183
Q54824,R777905,0.4837051033973694,0.2904681597426534,0.08584135934287172
Q54834,R084918,0.446464478969574,0.3486186553314328,0.08741328707982286
Q54837,R717414,0.3875843584537506,0.22168486969172954,0.07212051738605614
Q54838,R188802,0.7166531085968018,0.29692558969557287,0.09302899846273253
Q54839,R776505,0.687515139579773,0.29845656399428844,0.10120932907055695
Q54842,R368449,0.5306882858276367,0.2620584507733583,0.10838879204888409
Q54848,R035897,0.7770480513572693,0.31826759498566387,0.08489056517249938
Q54854,R749006,0.8640595078468323,0.34239811037480833,0.11361986205220932
Q54856,R584121,0.4793868660926819,0.32170121267437934,0.09594427046418089
Q54857,R540686,0.9696219563484192,0.34073848404735324,0.1312491794183904
Q54865,R509677,0.31692320108413696,0.3208003303781152,0.09362730231826948
Q54867,R988845,0.7488548159599304,0.3230519488155842,0.09829750119720897
Q54869,R108428,0.5601236820220947,0.33649071434140204,0.10443788287581639
Q54870,R258559,0.4640500843524933,0.2622709135636687,0.07866931560694734
Q54874,R179534,0.6015501022338867,0.26894736756384374,0.08427130381362334
Q54875,R527179,0.5451738834381104,0.29371057932078837,0.07670684269634871
Q54876,R592393,0.3574419617652893,0.2625881219729781,0.08371845292486028
Q54878,R647916,0.22151720523834229,0.3536341644451022,0.10872673986577015
Q54883,R874459,0.4393486976623535,0.27931364172697065,0.08464931019025725
Q54889,R717194,0.6546108722686768,0.31844501438736916,0.09912007793651131
Q54901,R312198,0.40965884923934937,0.3054902549237013,0.07848612020763535
Q54906,R744718,0.40171360969543457,0.27600493595004083,0.10476408619461844
Q54908,R793512,0.7488958835601807,0.3090787937641144,0.10958280403408575
Q54909,R212987,0.20964829623699188,0.3213505773544312,0.07717290655296699
Q54915,R463704,0.5530229806900024,0.3043383567631245,0.10455161831516499
Q54917,R988396,0.3597561717033386,0.3145846857726574,0.09046424424990747
Q54918,R021474,0.27242422103881836,0.28339273393154146,0.0669659813497596
Q54924,R966593,0.8606296181678772,0.3516033005490899,0.1098083261581915
Q54929,R639720,0.46386367082595825,0.24156942895799877,0.09037754704518514
Q54932,R554401,0.9333229064941406,0.26262640742957594,0.09036544698033272
Q54938,R393272,0.4968673288822174,0.3245296200066805,0.08488842043323273
Q54946,R348493,0.27710989117622375,0.14632587234303354,0.09472538765062438
Q54950,R878321,0.5889630317687988,0.27755928687006237,0.09875923241406258
Q54952,R927077,0.8142470121383667,0.2954940474629402,0.13643615373815998
Q54955,R841962,0.5355925559997559,0.30280585199594495,0.08683297125934612
Q54959,R914224,0.5744181871414185,0.3226799577921629,0.09772192270554043
Q54966,R842462,0.551487147808075,0.28780787287652493,0.07669205086358437
Q54974,R540609,0.15979254245758057,0.3026933360099793,0.10259490829382939
Q54985,R711645,0.5593237280845642,0.3789075925052166,0.08270336003892849
Q54993,R435499,0.49231046438217163,0.27474181590974334,0.09957799757164879
Q54995,R174432,0.3318519592285156,0.2514934909939766,0.057967767234939495
Q55004,R729252,0.4483698904514313,0.26777345344424247,0.07162510042414123
Q55009,R653833,0.6426608562469482,0.3333154773041606,0.10968212662668787
Q55015,R358325,0.17415422201156616,0.25159642709419133,0.07498124932308983
Q55019,R647835,0.3161229193210602,0.2480504550114274,0.07123555797206005
Q55024,R938422,0.3770008087158203,0.29757777746021746,0.09350092646690425
Q55037,R800670,0.40373125672340393,0.2620677152723074,0.07890338416535235
Q55041,R929774,0.48268061876296997,0.3875075261518359,0.09522376791349453
Q55048,R213205,0.4296804666519165,0.30785190634429455,0.08244529162971423
Q55049,R925780,0.30341118574142456,0.27604054130613803,0.08052559277863185
Q55064,R934176,0.9140886664390564,0.28055428133904936,0.13041006362614183
Q55066,R055200,0.9722093343734741,0.24668805815279485,0.10745206151541786
Q55067,R441120,0.5539649724960327,0.30017113088071345,0.07788922630122719
Q55070,R468449,0.4841943085193634,0.34967775315791366,0.12475316960225676
Q55082,R647247,0.4373745024204254,0.2371037172228098,0.06948660225553563
Q55087,R830883,0.9266875982284546,0.18440803817659618,0.06231645985650812
Q55089,R759532,0.6587746739387512,0.24685713902860879,0.07808936961370165
Q55093,R224358,0.5539109110832214,0.31712663831561805,0.11239042729718553
Q55106,R937259,0.2769732177257538,0.27204339250177145,0.07151628235084495
Q55109,R385455,0.46573182940483093,0.33814978405088186,0.09268044812338302
Q55116,R535592,0.8741586804389954,0.307144537396729,0.10631838931180457
Q55123,R549440,0.32325583696365356,0.34656554817408325,0.12073673255791241
Q55124,R022477,0.6056188344955444,0.30769087332487105,0.08046086603221779
Q55126,R476268,0.4459638297557831,0.29265856701880694,0.0832552215109375
Q55133,R775998,0.5547356009483337,0.31498403680324555,0.08237146063944807
Q55136,R779050,0.4082675576210022,0.27257945100963116,0.08732726607712057
Q55146,R382936,0.7824719548225403,0.2509157798141241,0.10763159084794974
Q55185,R752868,0.345573365688324,0.24108273424580692,0.07663750267335721
Q55188,R927942,0.6715492606163025,0.2720926060155034,0.1017782060060985
Q55198,R639929,0.9700659513473511,0.32106600610911845,0.15261018521282557
Q55201,R990356,0.2675432860851288,0.2904224749058485,0.0884811782999454
Q55204,R082470,0.818397581577301,0.20260581547394396,0.08011591359220609
